"AAL","Aalborg"
"AAO","Anaco"
"AAR","Aarhus"
"ABE","Allentown"
"ABI","Abilene"
"ABJ","Abidjan"
"ABK","Kabre Dare"
"ABQ","Albuquerque"
"ABU","Atambua"
"ABZ","Aberdeen"
"ACC","Accra"
"ACE","Lanzarote"
"ACH","Sankt Gallen"
"ACI","Alderney"
"ACV","Arcata"
"ADA","Adana"
"ADB","Izmir"
"ADD","Addis Ababa"
"ADL","Adelaide"
"ADQ","Kodiak"
"ADZ","San Andres"
"AEP","Buenos Aires National"
"AER","Sotschi"
"AES","Vigra"
"AGA","Agadir"
"AGB","Augsburg"
"AGH","Helsingborg"
"AGP","Malaga"
"AGR","Agra"
"AGV","Acarigua"
"AGX","Agatti"
"AHO","Alghero"
"AHU","Al Hoceima"
"AJA","Ajaccio"
"AJL","Aizawl"
"AJR","Arvidsjaur"
"AJU","Aracaju"
"AJY","Agadez"
"AKL","Auckland"
"ALA","Almaty"
"ALB","Albany"
"ALC","Alicante"
"ALF","Alta"
"ALG","Algier"
"AMA","Amarillo"
"AMD","Ahmadabad"
"AMI","Mataram Lombok"
"AMM","Amman"
"AMQ","Ambon"
"AMS","Amsterdam"
"ANC","Anchorage"
"ANF","Antofagasta"
"ANM","Antalaha"
"ANR","Antwerpen"
"ANU","Antigua"
"AOC","Altenburg"
"AOI","Ancona"
"AOK","Karpathos"
"AOR","Alor Setar"
"APW","Apia"
"AQJ","Aqaba"
"AQP","Arequipa"
"ARH","Archangelsk"
"ARN","Stockholm-Arlanda"
"ARW","Arad"
"ASE","Aspen"
"ASM","Asmara"
"ASP","Alice Springs"
"ASR","Kayseri"
"ASU","Asuncion"
"ATH","Athen"
"ATI","Artigas"
"ATL","Atlanta"
"ATW","Appleton"
"AUA","Aruba"
"AUC","Arauca"
"AUH","Abu Dhabi"
"AUS","Austin"
"AVN","Avignon"
"AVV","Geelong"
"AWA","Awasa"
"AXM","Armenia"
"AYP","Ayacucho"
"AYQ","Ayers Rock"
"AYT","Antalya"
"AZP","Mexico Stadt Atizapan"
"AZS","Samana"
"BAG","Baguio"
"BAL","Batman"
"BAQ","Barranquilla"
"BAY","Baia Mare"
"BBI","Berlin-Brandenburg"
"BBU","Bukarest Baneasa"
"BBV","Grand Bereby"
"BCA","Baracoa Playa"
"BCD","Bacolod"
"BCM","Bacau"
"BCN","Barcelona"
"BDA","Bermuda"
"BDJ","Banjarmasin"
"BDK","Bondoukou"
"BDO","Bandung"
"BDQ","Vadodara"
"BDS","Brindisi"
"BDU","Bardufoss"
"BEB","Benbecula"
"BEG","Belgrad"
"BEL","Belem"
"BEN","Benghazi"
"BER","Berlin-alle-Airports"
"BES","Brest"
"BEY","Beirut"
"BFL","Bakersfield"
"BFN","Bloemfontein"
"BFS","Belfast"
"BGA","Bucaramanga"
"BGI","Bridgetown"
"BGM","Binghamton"
"BGO","Bergen"
"BGY","Mailand Bergamo"
"BHD","Belfast Harbour"
"BHI","Bahia Blanca"
"BHJ","Bhuj"
"BHS","Bathurst"
"BHU","Bhavnagar"
"BHX","Birmingham"
"BIA","Bastia"
"BIK","Biak"
"BIO","Bilbao"
"BIQ","Biarritz"
"BIY","Bisho"
"BJL","Banjul"
"BJV","Bodrum"
"BJW","Bajawa"
"BJX","Leon"
"BKA","Moskau-Bykovo"
"BKI","Kota Kinabalu"
"BKJ","Boke"
"BKK","Bangkok"
"BKM","Bakelalan"
"BKO","Bamako"
"BKS","Bengkulu"
"BLE","Borlange"
"BLG","Belaga"
"BLK","Blackpool"
"BLL","Billund"
"BLQ","Bologna"
"BLR","Bangalore"
"BMA","Stockholm-Bromma"
"BMI","Bloomington"
"BMU","Bima"
"BMV","Buon-Ma-Thuot"
"BND","Bandar Abbas"
"BNE","Brisbane"
"BNK","Ballina-Byron"
"BNN","Bronnoysund"
"BOB","Bora-Bora"
"BOD","Bordeaux"
"BOG","Bogota"
"BOH","Bournemouth"
"BOJ","Burgas"
"BOM","Mumbai-Bombay"
"BON","Bonaire"
"BOO","Bodo"
"BOS","Boston"
"BPN","Balikpapan"
"BPS","Porto-Seguro"
"BPT","Beaumont"
"BQN","Aguadilla"
"BQO","Bpuna"
"BRC","Bariloche"
"BRE","Bremen"
"BRI","Bari"
"BRN","Bern"
"BRQ","Brünn-Brno"
"BRR","Barra"
"BRS","Bristol"
"BRU","Brüssel"
"BRW","Barrow"
"BSB","Brasilia"
"BSC","Bahia Solano"
"BSL","Basel-Mulhouse"
"BTJ","Banda Aceh"
"BTK","Bratsk"
"BTS","Bratislava"
"BTU","Bintulu"
"BTV","Burlington"
"BUD","Budapest"
"BUF","Buffalo"
"BUQ","Bulawayo"
"BUR","Burbank"
"BUW","Bau Bau"
"BUZ","Bushehr"
"BVA","Paris-Beauvais"
"BVB","Boa Vista"
"BVC","Rabil"
"BWI","Baltimore"
"BWN","Bandar Seri Begawan"
"BXU","Butuan"
"BYU","Bayreuth"
"BZE","Belize City"
"BZG","Bydgoszcz"
"BZR","Beziers"
"BZV","Brazzaville"
"CAE","Columbia"
"CAG","Cagliari"
"CAI","Kairo"
"CAK","Akron"
"CAL","Campbeltown"
"CAN","Guangzhou"
"CAS","Casablanca"
"CAY","Cayenne"
"CBD","Car Nicobar"
"CBL","Ciudad Bolivar"
"CBN","Cirebon"
"CBO","Cotabato"
"CBR","Canberra"
"CCF","Carcassonne"
"CCJ","Kozhikode"
"CCP","Concepcion"
"CCS","Caracas"
"CCU","Kolkata-Kalkutta"
"CDG","Paris"
"CEB","Cebu"
"CEK","Tscheljabinsk"
"CER","Cherbourg"
"CFE","Clermont Ferrand"
"CFN","Donegal"
"CFU","Corfu"
"CGB","Cuiabá"
"CGH","Sao Paulo National"
"CGK","Jakarta"
"CGN","Köln-Bonn"
"CGQ","Changchun"
"CGR","Campo-Grande"
"CHA","Chattanooga"
"CHC","Christchurch"
"CHQ","Chania-Kreta"
"CHR","Chateauroux"
"CHX","Changuinola"
"CIA","Rom Ciampino"
"CIC","Chico"
"CIX","Chiclayo"
"CJA","Cajabamba"
"CJB","Coimbatore"
"CJC","Calama"
"CJU","Cheju"
"CKY","Conakry"
"CKZ","Canakkale"
"CLE","Cleveland"
"CLJ","Cluj Napoca"
"CLO","Cali"
"CLT","Charlotte"
"CLY","Calvi"
"CMB","Colombo"
"CMF","Chambery"
"CMN","Casablanca Mohammed"
"CMR","Colmar"
"CMW","Camaguey"
"CND","Konstanza"
"CNF","Belo Horizonte"
"CNS","Cairns"
"CNX","Chiang Mai"
"COC","Concordia"
"COG","Condoto"
"COK","Kochi"
"COR","Cordoba"
"COS","Colorado Springs"
"CPA","Harper"
"CPH","Kopenhagen"
"CPQ","Campinas Viracopos"
"CPT","Kapstadt"
"CQM","Ciudad Real Madrid"
"CRL","Brüssel-Charleroi"
"CSB","Caransebes"
"CSG","Columbus"
"CSX","Changsha"
"CTA","Catania"
"CTG","Cartagena"
"CTM","Chetumal"
"CTS","Sapporo New Chitose"
"CUF","Cuneo"
"CUM","Cumana"
"CUN","Cancun"
"CUP","Carupano"
"CUR","Curacao"
"CUU","Chihuahua"
"CUZ","Cuzco"
"CVT","Coventry"
"CWB","Curitiba"
"CWL","Cardiff"
"CXH","Vancouver Coal Harbour"
"CXP","Cilacap"
"CYB","Cayman-Barac"
"CYR","Colonia"
"CYS","Cheyenne"
"CZE","Coro"
"CZM","Cozumel"
"CZU","Corozal"
"DAD","Da Nang"
"DAL","Dallas-Lovefield"
"DAM","Damascus"
"DAR","Dar es Salaam"
"DAV","David"
"DAY","Dayton"
"DBV","Dubrovnik"
"DCA","Washington"
"DCF","Dominica Cane Fileld"
"DCM","Castres"
"DEB","Debrecen"
"DED","Dehradun"
"DEL","Neu Delhi"
"DEN","Denver"
"DFW","Dallas"
"DGT","Dumaguete"
"DHA","Dhahran"
"DHM","Dharmshala"
"DIB","Dibrugarh"
"DIE","Antsiranana"
"DIJ","Dijon"
"DIM","Dimbokro"
"DIR","Dire Dawa"
"DIY","Diyarbakir"
"DJB","Jambi"
"DJE","Djerba"
"DJJ","Jayapura"
"DKR","Dakar"
"DLA","Douala"
"DLI","Dalat"
"DLM","Dalaman"
"DME","Moskau-Domodedovo"
"DMK","Bangkok Don Muang"
"DMU","Dimapur"
"DND","Dundee"
"DNK","Dnjpropetrowsk"
"DNR","Saint Malo"
"DNZ","Denizli"
"DOD","Dodoma"
"DOH","Doha"
"DOL","Deauville"
"DOM","Dominica"
"DPS","Denpasar-Bali"
"DRS","Dresden"
"DRW","Darwin"
"DSA","Doncaster"
"DSE","Dessie"
"DTM","Dortmund"
"DTW","Detroit"
"DUB","Dublin"
"DUM","Dumai"
"DUS","Düsseldorf"
"DXB","Dubai"
"DZA","Dzaoudzi"
"EAP","Basel-Freiburg"
"EBB","Entebbe"
"EBJ","Esbjerg"
"EBL","Arbil"
"EBU","Saint-Etienne"
"ECG","Elizabeth City"
"ECN","Ercan-Lefkosia"
"EDI","Edinburgh"
"EFL","Kefalonia"
"EGC","Bergerac"
"EGE","Vail"
"EIN","Eindhoven"
"EJA","Barrancabermeja"
"ELH","North Eleuthera"
"ELM","Elmira"
"ELP","El Paso"
"EMA","East-Midlands"
"ENE","Ende"
"EPL","Epinal"
"ERF","Erfurt"
"ERS","Windhoek-Eros"
"ERZ","Erzurum"
"ESB","Ankara"
"ESM","Esmeraldas"
"ETH","Elat"
"ETZ","Metz-Nancy-Lothringen"
"EUN","Laayoune"
"EVE","Harstad-Narvik"
"EVN","Eriwan"
"EWR","New York Newark"
"EXT","Exeter"
"EZE","Buenos Aires"
"FAA","Faranah"
"FAE","Vagar"
"FAI","Fairbanks"
"FAO","Faro"
"FCO","Rom Fiumicino"
"FDF","Fort-de-France"
"FDH","Friedrichshafen"
"FEZ","Fez"
"FFF","Foxy Island"
"FIG","Fira"
"FIH","Kinshasa-NDjili"
"FKB","Karlsruhe-Baden"
"FKQ","Fak Fak"
"FLA","Florencia"
"FLN","Florianopolis"
"FLR","Florenz"
"FMM","Memmingen-Allgäu"
"FMO","Münster-Osnabrück"
"FMY","Fort Myers"
"FNA","Freetown"
"FNC","Funchal"
"FNI","Nimes"
"FNJ","Pyongyang"
"FOG","Foggia-Gino-Lisa"
"FOM","Foumban"
"FOO","Numfor"
"FOR","Fortaleza"
"FPO","Freeport"
"FRA","Frankfurt"
"FRL","Forli"
"FRU","Bischkek"
"FSC","Figari Süd-Korsika"
"FUE","Fuerteventura"
"FUN","Funafuti"
"GAO","Guantanamo"
"GAQ","Gao"
"GAU","Gauhati"
"GBE","Gaberone"
"GBJ","Marie-Galante"
"GCI","Guernsey"
"GDI","Melle"
"GDL","Guadalajara"
"GDN","Danzig"
"GDX","Magadan"
"GEA","Noumea Magenta"
"GEC","Gecitkale"
"GEO","Georgetown"
"GGN","Gagnoa"
"GGT","George Town"
"GIB","Gibraltar"
"GIG","Rio de Janeiro"
"GLA","Glasgow"
"GLO","Gloucester-Cheltenham"
"GLX","Galela"
"GMB","Gambella"
"GMP","Seoul Gimpo"
"GNB","Grenoble"
"GND","Grenada"
"GOA","Genua"
"GOB","Goba"
"GOH","Godthaab"
"GOI","Goa"
"GOJ","Nischni-Nowgorod"
"GOP","Gorakhpur"
"GOT","Göteborg"
"GPA","Araxos"
"GRJ","George"
"GRO","Girona"
"GRQ","Groningen"
"GRU","Sao Paulo"
"GRX","Granada"
"GRZ","Graz"
"GSE","Göteborg-City"
"GTN","Mount Cook Glentanner"
"GTO","Gorontalo"
"GUA","Guatemala City"
"GUI","Guiria"
"GUQ","Guanare"
"GVA","Genf"
"GVX","Gavle"
"GWE","Gweru"
"GWL","Gwalior"
"GWT","Westerland-Sylt"
"GWY","Galway"
"GXX","Yagoua"
"GYD","Baku"
"GYE","Guayaquil"
"GYM","Guaymas"
"GYN","Goiania"
"GZT","Gaziantep"
"HAD","Halmstad"
"HAJ","Hannover"
"HAM","Hamburg"
"HAN","Hanoi"
"HAU","Haugesund"
"HAV","Havanna"
"HBA","Hobart-Tasmanien"
"HBX","Hubli-Dharwad"
"HDF","Heringsdorf-Usedom"
"HEL","Helsinki-Vantaa"
"HEM","Helsinki-Malmi"
"HER","Heraklion-Kreta"
"HFA","Haifa"
"HFE","Hefei"
"HFN","Hofn"
"HGH","Hangzhou"
"HGL","Helgoland"
"HHN","Frankfurt-Hahn"
"HIS","Hayman-Island"
"HJR","Khajuraho"
"HKG","Hong Kong"
"HKT","Phuket"
"HMO","Hermosillo"
"HND","Tokio-Haneda"
"HNL","Honolulu"
"HOG","Holguin"
"HOQ","Hof-Plauen"
"HOR","Horta"
"HOU","Houston"
"HOV","Orsta Volda"
"HPH","Hai Phong"
"HRB","Harbin"
"HRE","Harare"
"HRG","Hurghada"
"HRK","Kharkov"
"HSV","Huntsville"
"HTA","Chita"
"HTI","Hamilton Island"
"HUI","Hue"
"HUY","Humberside"
"HVB","Hervey-Bay"
"HVG","Honningsvag"
"HVN","New Haven"
"HYD","Hyderabad"
"HYN","Huangyan"
"IAD","Washington Dulles International"
"IAH","Houston Intercontinental"
"IBA","Ibadan"
"IBE","Ibague"
"IBZ","Ibiza"
"ICN","Seoul Incheon"
"IDR","Indore"
"IEV","Kiew"
"IGR","Iguazu"
"IGU","Foz de Iguacu"
"IKA","Teheran"
"IKT","Irkutsk"
"ILO","Iloilo"
"ILP","Ile Des Pins"
"ILY","Port-Ellen"
"IMF","Imphal"
"IMP","Imperatriz"
"IND","Indianapolis"
"INN","Innsbruck"
"INU","Nauru"
"INV","Inverness"
"IOM","Isle-of-Man"
"IOS","Ilhéus"
"IPH","Ipoh"
"IPI","Ipiales"
"IPL","Imperial"
"IQT","Iquique"
"IRP","Isiro"
"ISB","Islamabad"
"ISK","Nashik"
"ISN","Williston"
"IST","Istanbul"
"ITM","Osaka-Itami"
"IUE","Niue"
"IVA","Ambanja"
"IXB","Bagdogra"
"IXC","Chandigarh"
"IXD","Allahabad"
"IXE","Mangalore"
"IXG","Belgaum"
"IXI","Lilabari"
"IXJ","Satwari"
"IXL","Leh"
"IXM","Madurai"
"IXR","Ranchi"
"IXS","Silchar"
"IXU","Aurangabad"
"IXW","Jamshedpur"
"IXY","Kandla"
"IXZ","Port Blair"
"JAI","Jaipur"
"JAX","Jacksonville"
"JCA","Cannes"
"JDH","Jodhpur"
"JED","Jeddah"
"JER","Jersey"
"JFK","New York"
"JGA","Jamnagar"
"JHB","Johor Bahru"
"JIB","Djibouti"
"JIM","Jimma"
"JKG","Jonkoping"
"JKH","Chios"
"JLD","Landskrona"
"JLR","Jabalpur"
"JMK","Mykonos"
"JNB","Johannesburg"
"JOE","Joensuu"
"JOG","Yogyakarta"
"JOI","Joinville"
"JPA","Joao-Pessoa"
"JRH","Jorhat"
"JRO","Kilimanjaro"
"JRS","Jerusalem"
"JSA","Jaisalmer"
"JSI","Skiathos"
"JST","Johnstown"
"JTR","Santorini"
"KAB","Kariba"
"KAD","Kaduna"
"KBP","Kiew-International"
"KBR","Kota-Bahru"
"KBV","Krabi"
"KCH","Kuching"
"KDI","Kendari"
"KEF","Reykjavik-Keflavik"
"KEL","Kiel"
"KEM","Kemi"
"KGD","Kaliningrad"
"KGL","Kigali"
"KGS","Kos"
"KHH","Kaohsiung"
"KHI","Karachi"
"KHV","Khabarovsk"
"KID","Kristianstad"
"KIM","Kimberley"
"KIR","Kerry County"
"KIV","Chisinau"
"KIX","Osaka-Kansai"
"KJA","Krasnojarsk"
"KKC","Khon Kaen"
"KKN","Kirkenes"
"KLH","Kolhapur"
"KLO","Kalibo"
"KLR","Kalmar"
"KLU","Klagenfurt"
"KLV","Karlsbad"
"KLX","Kalamata"
"KMG","Kunming"
"KMP","Keetmanshoop"
"KNN","Kankan"
"KNU","Kanpur"
"KOE","Kupang"
"KOI","Kirkwall-Orkney-Islands"
"KPI","Kapit"
"KRK","Krakau-Balice"
"KRN","Kiruna"
"KRP","Karup"
"KRR","Krasnodar"
"KRS","Kristiansand Kjevik"
"KRT","Khartoum"
"KRV","Kimwarer"
"KSC","Kosice"
"KSD","Karlstad"
"KSU","Kristiansund"
"KSY","Kars"
"KTE","Kerteh"
"KTG","Ketapang"
"KTM","Kathmandu"
"KTP","Kingston"
"KTT","Kittila"
"KTW","Kattowitz"
"KUA","Kuantan"
"KUF","Samara"
"KUH","Kushiro"
"KUL","Kuala Lumpur"
"KUN","Kaunas"
"KUO","Kuopio"
"KUU","Kullu"
"KVA","Kavalla"
"KWI","Kuwait"
"KWJ","Kwangju"
"LAD","Luanda"
"LAE","Lae"
"LAP","La Paz Baja California"
"LAS","Las Vegas"
"LAU","Lamu"
"LAX","Los Angeles"
"LBA","Leeds"
"LBC","Lübeck"
"LBJ","Labuhan Bajo"
"LBU","Labuan"
"LBW","Long Bawan"
"LCA","Larnaca"
"LCD","Louis Trichardt"
"LCG","La Coruna"
"LCJ","Lodz"
"LCY","London-City-Airport"
"LDB","Londrina"
"LDE","Tarbes"
"LDU","Lahad Datu"
"LDY","Derry"
"LED","Sankt Petersburg"
"LEH","Le Havre"
"LEI","Almería"
"LEJ","Leipzig-Halle"
"LEK","Labe"
"LET","Leticia"
"LEX","Lexington"
"LFR","La Fria"
"LFT","Lafayette"
"LFW","Lome"
"LGA","New York La Guardia"
"LGB","Long Beach"
"LGG","Lüttich"
"LGK","Langkawi"
"LGP","Legazpi"
"LGW","London-Gatwick"
"LHE","Alama"
"LHG","Lightning-Ridge"
"LHR","London-Heathrow"
"LIF","Lifou"
"LIG","Limoges"
"LIL","Lille"
"LIM","Lima"
"LIN","Mailand-Linate"
"LIS","Lissabon"
"LIT","Little Rock"
"LJU","Ljubljana"
"LKA","Larantuka"
"LKO","Lucknow"
"LLA","Lulea"
"LMN","Limbang"
"LMP","Lampedusa"
"LNZ","Linz"
"LOH","Loja"
"LON","London-alle-Airports"
"LOS","Lagos"
"LPA","Gran-Canaria"
"LPB","La Paz"
"LPI","Linkoping"
"LPL","Liverpool"
"LPP","Lappeenranta"
"LPY","Le Puy"
"LRA","Larissa"
"LRH","La Rochelle"
"LRM","La Romana"
"LRT","Lorient"
"LSC","La Serena"
"LSI","Lerwick Shetland Islands"
"LSM","Long Semado"
"LST","Launceston"
"LTN","London-Luton"
"LTQ","Le Tourquet"
"LUA","Lukla"
"LUG","Lugano"
"LUN","Lusaka"
"LUW","Luwuk"
"LUX","Luxemburg"
"LWO","Lemberg-Lviv"
"LXR","Luxor"
"LYB","Little Cayman"
"LYC","Lycksele"
"LYP","Faisalabad"
"LYR","Svalbard"
"LYS","Lyon"
"MAA","Chennai-Madras"
"MAB","Maraba"
"MAD","Madrid"
"MAF","Midland"
"MAH","Menorca"
"MAN","Manchester"
"MAO","Manaus"
"MAR","Maracaibo"
"MAX","Matam"
"MBA","Mombasa"
"MBJ","Montego-Bay"
"MBX","Maribor"
"MCE","Merced"
"MCI","Kansas"
"MCM","Monaco"
"MCN","Macon"
"MCO","Orlando"
"MCP","Macapa"
"MCT","Muscat"
"MCU","Montlucon"
"MCY","Maroochydore"
"MCZ","Maceio"
"MDC","Manado"
"MDE","Medellin"
"MDF","Maumere"
"MDT","Harrisburg"
"MDZ","Mendoza"
"MEE","Mare"
"MEL","Melbourne"
"MEM","Memphis"
"MES","Medan"
"MEX","Mexiko Stadt"
"MFM","Macau"
"MGA","Managua"
"MGF","Maringa"
"MGM","Montgomery"
"MHH","Marsh Harbor"
"MHQ","Mariehamn"
"MIA","Miami"
"MID","Merida"
"MIL","Mailand"
"MIR","Monastir"
"MJF","Mosjoen"
"MJN","Mahajanga"
"MJT","Mytilene"
"MJV","Murcia"
"MKE","Milwaukee"
"MKK","Molokai"
"MKM","Mukah"
"MKQ","Merauke"
"MKU","Makokou"
"MKW","Manokwari"
"MKY","Mackay"
"MKZ","Malacca"
"MLA","Malta"
"MLB","Melbourne Florida"
"MLE","Malediven"
"MLH","Mühlhausen-Mulhouse"
"MLO","Milos"
"MLU","Monroe"
"MLW","Monrovia-Spriggs"
"MLX","Malatya"
"MLZ","Melo"
"MME","Durham-Tees-Valley"
"MMK","Murmansk"
"MMU","Morristown"
"MMX","Malmö"
"MNL","Manila"
"MOB","Mobile"
"MOD","Modesto"
"MOL","Molde"
"MON","Mount Cook"
"MOT","Minot"
"MOW","Moskau-alle-Airports"
"MOZ","Moorea"
"MPL","Montpellier"
"MQT","Marquette"
"MQX","Makale"
"MRD","Merida"
"MRS","Marseille"
"MRU","Mauritius"
"MRV","Mineralnyje-Wody"
"MRY","Monterey"
"MSC","Mesa"
"MSN","Madison"
"MSQ","Minsk"
"MST","Maastricht-Aachen"
"MSU","Maseru"
"MSV","Monticello"
"MSY","New Orleans"
"MTR","Monteria"
"MTS","Manzini"
"MTY","Monterrey"
"MUC","München"
"MUN","Maturin"
"MUX","Multan"
"MVD","Montevideo"
"MVP","Mitu"
"MVR","Maroua"
"MVZ","Masvingo"
"MWD","Mainwali"
"MXL","Mexicali"
"MXP","Mailand-Malpensa"
"MYR","Myrtle Beach"
"MZF","Mzamba"
"MZI","Mopti"
"MZL","Manizales"
"MZT","Mazatlan"
"NAG","Nagpur"
"NAN","Nadi"
"NAP","Neapel"
"NAS","Nassau"
"NAT","Natal"
"NBO","Nairobi"
"NCE","Nizza"
"NCL","Newcastle"
"NDC","Nanded"
"NDR","Nador"
"NEG","Negril"
"NGO","Nagoya-Chubu-Centrair"
"NIA","Grassfield"
"NJC","Nizhevartovsk"
"NKM","Nagoya-Komaki"
"NLD","Nuevo Laredo"
"NNC","Nanning"
"NNR","Galway"
"NOC","Knock"
"NOS","Nosy Be"
"NOU","Noumea"
"NPE","Napier"
"NQY","Newquay Cornwall"
"NRK","Norrköping"
"NRM","Nara"
"NRN","Niederrhein-Weeze"
"NRT","Tokio-Narita"
"NTE","Nantes"
"NTL","Newcastle Williamtown"
"NUE","Nürnberg"
"NVA","Neiva"
"NVK","Narvik"
"NVT","Navegantes"
"NWI","Norwich"
"NYC","New York-alle-Airports"
"NYO","Stockholm-Skavsta"
"OAG","Orange"
"OAK","Oakland"
"OCJ","Ocho Rios"
"ODE","Odense"
"ODS","Odessa"
"OER","Ornskoldsvik"
"OHD","Ohrid"
"OHT","Kohat"
"OKA","Okinawa"
"OKC","Oklahoma City"
"OKD","Sapporo Okadama"
"OLB","Olbia"
"OMA","Omaha"
"OMS","Omsk"
"ONT","Ontario"
"OOL","Gold-Coast-Coolangatta"
"OPO","Porto"
"ORB","Orebro"
"ORD","Chicago"
"ORG","Paramaribo"
"ORK","Cork"
"ORW","Ormara"
"ORY","Paris-Orly"
"OSA","Osaka-alle-Airports"
"OSD","Östersund"
"OSK","Oskarshamn"
"OSL","Oslo-Gardermoen"
"OSR","Ostrava"
"OST","Ostend-Oostende"
"OTC","Bol"
"OTI","Morotai Island"
"OTP","Bukarest Otopeni"
"OTU","Otu"
"OUD","Oujda"
"OUL","Oulu"
"OVB","Nowosibirsk"
"OVD","Oviedo-Aviles"
"OYL","Moyale Lower"
"OZZ","Ouarzazate"
"PAC","Panama City"
"PAD","Paderborn"
"PAP","Port-au-Prince"
"PAQ","Palmer"
"PAR","Paris-alle-Airports"
"PAS","Paros"
"PAT","Patna"
"PAY","Pamol"
"PBH","Paro"
"PBL","Puerto Cabello"
"PBM","Paramaribo Zandery"
"PDG","Padang"
"PDL","Ponta-Delgada-Azoren"
"PDP","Punta Del Este"
"PDU","Paysandu"
"PDX","Portland"
"PEE","Perm"
"PEG","Perugia"
"PEI","Pereira"
"PEK","Peking"
"PEM","Puerto Maldonado"
"PEN","Penang"
"PER","Perth"
"PEW","Peshawar"
"PFO","Paphos"
"PGA","Page"
"PGF","Perpignan"
"PGX","Perigueux"
"PHL","Philadelphia"
"PHW","Phalaborwa"
"PHX","Phoenix"
"PIK","Glasgow-Prestwick"
"PIS","Poitiers"
"PIT","Pittsburgh"
"PIU","Piura"
"PIX","Pico"
"PJG","Panjgur"
"PKC","Petropavlovsk"
"PLH","Plymouth"
"PLQ","Palanga"
"PLU","Belo Horizonte Pampulha"
"PLW","Palu"
"PLZ","Port Elizabeth"
"PMA","Pamplona-Navarra"
"PMF","Parma"
"PMI","Mallorca"
"PMO","Palermo"
"PMV","Porlamar"
"PNH","Phnom Penh"
"PNL","Pantelleria"
"PNS","Pensacola"
"POA","Porto Alegre"
"POP","Puerto-Plata"
"POS","Trinidad"
"POT","Port Antonio"
"POX","Pontoise"
"POZ","Posen-Poznan"
"PRG","Prag"
"PRN","Pristina"
"PRY","Pretoria"
"PSA","Pisa"
"PSE","Ponce"
"PSI","Pasni"
"PSM","Portsmouth"
"PSP","Palm Springs"
"PSR","Pescara"
"PTP","Pointe-a-Pitre"
"PTY","Panama Tocumen"
"PUC","Price"
"PUF","Pau"
"PUJ","Punta-Cana"
"PUQ","Punta Arenas"
"PUU","Puerto Asis"
"PUW","Pullman"
"PUY","Pula"
"PVA","Providencia"
"PVK","Preveza-Lefkas"
"PVR","Puerto-Vallarta"
"PWM","Portland-Jetport"
"PYH","Puerto Ayacucho"
"QPG","Singapore"
"RAK","Marrakesch"
"RAO","Ribeirao-Preto"
"RAP","Rapid City"
"RAZ","Rawala Kot"
"RBA","Rabat"
"RBR","Rio Branco"
"RDU","Raleigh"
"RDZ","Rodez"
"REC","Recife"
"REG","Reggio-di-Calabria"
"REL","Trelew"
"REU","Reus"
"RFD","Rockford"
"RHE","Reims-Champagne"
"RHO","Rhodos"
"RIC","Richmond"
"RIO","Rio de Janeiro-alle-Airports"
"RIX","Riga"
"RIY","Riyan"
"RJK","Rijeka"
"RKE","Kopenhagen Roskilde"
"RKT","Ras Al Khaimah"
"RLG","Rostock"
"RMF","Marsa-Alam"
"RMI","Rimini"
"RNE","Roanne"
"RNO","Reno"
"RNS","Rennes"
"ROB","Monrovia"
"ROM","Rom-alle-Airports"
"ROS","Rosario"
"ROT","Rotorua"
"ROV","Rostov"
"RSW","Fort Myers Southwest-Florida"
"RTM","Rotterdam"
"RUH","Riyadh"
"RVE","Saravena"
"RVY","Rivera"
"RYG","Moss"
"RYK","Rahim Yar Khan"
"RZE","Rzeszow"
"SAF","Santa Fe"
"SAH","Sanaa"
"SAN","San Diego"
"SAT","San Antonio"
"SAW","Istanbul-Sabiha"
"SBA","Santa Barbara"
"SBH","Sankt Barth"
"SBI","Koundara"
"SBP","San Luis"
"SBW","Sibu"
"SBY","Salisbury"
"SBZ","Sibiu"
"SCL","Santiago de Chile"
"SCN","Saarbrücken"
"SCQ","Santiago-de-Compostela"
"SCU","Santiago-de-Cuba"
"SCV","Suceava"
"SDF","Louisville"
"SDK","Sandakan"
"SDN","Sandane"
"SDQ","Santo-Domingo"
"SDR","Santander"
"SDU","Rio de Janeiro National"
"SDV","Tel Aviv"
"SEA","Seattle"
"SEL","Seoul-alle-Airports"
"SEZ","Mahe-Seychellen"
"SFA","Sfax"
"SFB","Orlando-Sanford"
"SFG","Sankt Martin"
"SFH","San Felipe"
"SFJ","Sondrestrom"
"SFO","San Francisco"
"SFT","Skelleftea"
"SGN","Saigon"
"SGU","Sankt George"
"SHA","Shanghai"
"SHE","Shenyang"
"SHJ","Sharjah"
"SID","Sal Kapverden"
"SIG","San Juan National"
"SIN","Singapur Changi"
"SIP","Simferopol"
"SIQ","Singkep"
"SJC","San Jose Kalifornien"
"SJJ","Sarajevo"
"SJO","San-Jose-Santamaria"
"SJP","Sao Jose Rio-Preto"
"SJT","San Angelo"
"SJU","San Juan"
"SKG","Thessaloniki"
"SKN","Stokmarknes"
"SKO","Sokoto"
"SKP","Skopje"
"SKU","Skiros"
"SLC","Salt Lake City"
"SLV","Shimla"
"SLZ","Sao Luiz"
"SMF","Sacramento"
"SMI","Samos"
"SMO","Santa Monica"
"SMR","Santa Marta"
"SMV","Sankt Moritz"
"SNI","Greenville"
"SNN","Shannon"
"SOC","Solo City"
"SOF","Sofia"
"SOG","Sogndal"
"SOM","San Tome"
"SOQ","Sorong"
"SOU","Southampton"
"SPC","La Palma Santa Cruz"
"SPU","Split"
"SRG","Semarang"
"SRI","Samarinda"
"SRQ","Sarasota"
"SRZ","Santa Cruz El Trompillo"
"SSA","Salvador-da-Bahia"
"SSH","Sharm-el-Sheik"
"SSJ","Sandnessjoen"
"STM","Santarem"
"STN","London-Stansted"
"STO","Stockholm-alle-Airports"
"STR","Stuttgart"
"STS","Santa Rosa"
"STW","Stavropol"
"STY","Salto"
"SUA","Stuart"
"SUB","Surabaya"
"SUF","Lamezia Terme"
"SUV","Suva"
"SVB","Sambava"
"SVG","Stavanger"
"SVJ","Svolvaer"
"SVO","Moskau-Scheremetjewo"
"SVQ","Sevilla"
"SVX","Jekaterinburg"
"SXB","Strassbourg"
"SXF","Berlin-Schönefeld"
"SXR","Srinagar"
"SYA","Shemya"
"SYD","Sydney"
"SYY","Stornoway"
"SYZ","Shiraz"
"SZF","Samsun"
"SZG","Salzburg"
"SZX","Shenzhen"
"SZZ","Stettin"
"TAB","Tobago"
"TAC","Tacloban"
"TAI","Taiz"
"TAM","Tampico"
"TAP","Tapachula"
"TAS","Taschkent"
"TAT","Poprad-Tatry"
"TBP","Tumbes"
"TBS","Tiflis"
"TCB","Treasure Cay"
"TCO","Tumaco"
"TDV","Tanandava"
"TET","Mozambique"
"TFN","Teneriffa-Nord"
"TFS","Teneriffa"
"TGG","Kuala Terengganu"
"TGM","Targu-Mures"
"THE","Teresina"
"THN","Trollhättan"
"THR","Teheran Mehrabad Natl"
"TIA","Tirana"
"TIJ","Tijuana"
"TIP","Tripolis"
"TIR","Tirupati"
"TKD","Takoradi"
"TKU","Turku"
"TLL","Tallinn"
"TLN","Toulon"
"TLS","Toulouse"
"TLV","Tel Aviv"
"TMD","Timbedra"
"TML","Tamale"
"TMM","Toamasina"
"TMP","Tampere"
"TNG","Tanger"
"TNJ","Tanjung Pinang"
"TOA","Torrance"
"TOE","Tozeur"
"TOS","Tromso"
"TOZ","Touba"
"TPA","Tampa"
"TPE","Taiwan Taoyuan"
"TPS","Trapani-Birgi"
"TRB","Turbo"
"TRC","Torreon"
"TRD","Trondheim"
"TRE","Tiree Island"
"TRF","Oslo-Torp"
"TRN","Turin"
"TRS","Triest"
"TRU","Trujillo"
"TRV","Trivandrum"
"TRZ","Tiruchirapally"
"TSA","Taipei"
"TSF","Venedig-Treviso"
"TSR","Temeschburg"
"TSV","Townsville"
"TTE","Ternate"
"TUF","Tours"
"TUL","Tulsa"
"TUN","Tunis"
"TUS","Tucson"
"TUV","Tucupita"
"TWU","Tawau"
"TXL","Berlin-Tegel"
"TYN","Taiyuan"
"TYS","Knoxville"
"TZX","Trabzon"
"UAS","Samburu"
"UBP","Ubon Ratchathani"
"UCA","Utica"
"UDI","Uberlandia"
"UDR","Udaipur"
"UET","Belutschistan"
"UIB","Quibdo"
"UIO","Quito"
"UIP","Quimper"
"ULN","Ulan Bator"
"UME","Umea"
"UPG","Ujung Pandang"
"URC","Urumqi"
"URO","Rouen"
"USM","Koh Samui"
"USQ","Usak"
"UTN","Upington"
"UTT","Umtata"
"UUD","Ulan Ude"
"UUS","Yuzhno Sakhalinsk"
"UVE","Ouvea"
"VAA","Vaasa"
"VAF","Valence"
"VAN","Van"
"VAR","Varna"
"VAS","Sivas"
"VAT","Vatomandry"
"VBS","Brescia"
"VBY","Visby"
"VCE","Venedig"
"VCP","Campinas"
"VDA","Ovda"
"VDE","El Hierro"
"VDP","Valle De La Pascua"
"VFA","Victoria Falls"
"VGA","Vijayawada"
"VGT","Las Vegas North"
"VHM","Vilhelmina"
"VIE","Wien"
"VII","Vinh-City"
"VIR","Durban"
"VIT","Vitoria-Gasteiz"
"VIX","Vitoria Eurico Sales"
"VKO","Moskau-Wnukowo"
"VLC","Valencia"
"VLI","Port-Vila"
"VLL","Valladolid"
"VLN","Valencia-Michelena"
"VLV","Valera"
"VNO","Vilnius"
"VNS","Varanasi"
"VOG","Wolgograd"
"VOL","Volos"
"VQS","Vieques"
"VRA","Varadero"
"VRN","Verona"
"VST","Stockholm-Vasteras"
"VTE","Vientiane"
"VTZ","Vishakhapatnam"
"VUP","Valledupar"
"VVC","Villavicencio"
"VVO","Wladiwostok"
"VXO","Växjö"
"WAI","Antsohihy"
"WAT","Waterford"
"WAW","Warschau"
"WBD","Madagaskar"
"WBO","Beroroha"
"WDH","Windhoek"
"WGP","Waingapu"
"WIC","Wick"
"WIL","Nairobi Wilson"
"WJR","Wajir"
"WLG","Wellington"
"WMR","Mananara"
"WRO","Wroclaw-Breslau"
"WUH","Wuhan"
"WVB","Walvis Bay"
"WVK","Manakara"
"XKH","Xieng Khouang"
"XRY","Jerez"
"XSP","Singapur Seletar"
"YBG","Bagotville"
"YCD","Nanaimo"
"YEG","Edmonton"
"YEI","Ennadai-Lake"
"YHZ","Halifax"
"YKZ","Toronto Buttonville"
"YLW","Kelowna"
"YMS","Yurimaguas"
"YOW","Ottawa"
"YQB","Quebec"
"YQQ","Comox"
"YQR","Regina"
"YQX","Gander"
"YTZ","Toronto City Centre"
"YUL","Montreal"
"YVR","Vancouver"
"YWG","Winnipeg"
"YXY","Whitehorse"
"YYC","Calgary"
"YYJ","Victoria International"
"YYZ","Toronto Pearson"
"YZD","Toronto Downsview"
"ZAD","Zadar"
"ZAG","Zagreb"
"ZAL","Valdivia-Pichoy"
"ZAM","Zamboanga"
"ZAZ","Saragossa"
"ZBR","Chah Bahar"
"ZCO","Temuco-Maquehue"
"ZLO","Manzanillo"
"ZNZ","Sansibar-Kisauni"
"ZQN","Queenstown"
"ZQW","Zweibrücken"
"ZRH","Zürich"
"ZTH","Zakynthos"
